case,baselineNs,candidateNs,pairedRatio,lower95,upper95,baselineBytes,candidateBytes,verdict,phaseShiftObserved
array-icollection,44418.97286376507,45340.6313426219,1.0186767699556416,0.9273249763091866,1.1190277283130898,400129.0,400127.5,inconclusive,False
array-ilist,44263.37856599018,44152.55638477388,0.9966659244545465,0.904134009421822,1.0986678463782833,400123.5,400127.5,inconclusive,False
existing-addrange-grow,363936.5299479167,369641.3411458334,1.0163453895120327,0.9543985126411115,1.082313034964667,1049261.5,1049228.0,inconclusive,True
existing-addrange-reserved,182877.47685185182,189882.40740740742,1.036609499073053,0.9243765861531533,1.162469138298198,400200.0,400200.0,inconclusive,False
expanded-arraychain-icollection-1,21.704010204719822,20.2781925761123,0.9343212699366844,0.898024639025684,0.9720849490312612,176.0,168.0,faster,False
expanded-arraychain-icollection-100000,398386.09375,100264.18381969124,0.2518856935449849,0.22939554172366652,0.276580800724831,1049283.5,400219.0,faster,False
expanded-arraychain-icollection-32,82.60945013200919,59.20207571016824,0.7025403874925059,0.491679511704548,1.0038307155550223,472.0,288.0,inconclusive,False
expanded-arraychain-ilist-1,21.186499747961463,20.119259331737595,0.9508576009748511,0.8321774764289445,1.086463167942816,176.0,168.0,inconclusive,False
expanded-arraychain-ilist-100000,396987.56944444444,103242.75288848228,0.2597934941913797,0.23920357545835066,0.28215573071949357,1049338.5,400231.0,faster,True
expanded-arraychain-ilist-32,87.30289436368145,54.427003625976475,0.6254761997469435,0.5160118874747476,0.7581617515914761,472.0,288.0,faster,False
expanded-concat-icollection-1,11.611614276702221,11.189873000370312,0.9643523234386984,0.9144532788315685,1.0169742131712631,120.0,120.0,inconclusive,False
expanded-concat-icollection-100000,452340.9288194444,45092.79654385962,0.09963761348781638,0.09242979055960467,0.10740751397835852,1049428.5,400259.5,faster,False
expanded-concat-icollection-32,134.1826834551302,28.00192953180931,0.20825306725031195,0.18158580191136142,0.2388366246846386,520.0,336.0,faster,False
expanded-concat-ilist-1,11.725756026748963,11.168389541873315,0.9531578675731488,0.9097844298675744,0.9985991084160809,120.0,120.0,faster,False
expanded-concat-ilist-100000,464342.30902777775,45537.616498237956,0.09804518845869722,0.08441987718642889,0.11386961578578075,1049385.0,400256.5,faster,False
expanded-concat-ilist-32,131.26926220325478,26.727165361245614,0.20310571702847238,0.18287640758273643,0.2255727397257999,520.0,336.0,faster,False
expanded-listchain-icollection-1,25.14853447460055,22.73770601429969,0.9108786229134529,0.7339528257752057,1.1304539427372242,224.0,216.0,inconclusive,False
expanded-listchain-icollection-100000,381595.7013888889,98900.95336879592,0.25959917490792295,0.23106791796650517,0.2916533467992871,1049215.0,400279.0,faster,False
expanded-listchain-icollection-32,100.48789068323786,54.50831850245216,0.5423161447705643,0.5187511862351127,0.5669515727054361,520.0,336.0,faster,False
expanded-listchain-ilist-1,23.125566171123715,22.161815326484923,0.9531580102112326,0.8110905139529409,1.1201095029482093,224.0,216.0,inconclusive,False
expanded-listchain-ilist-100000,387774.4444444444,99728.04354659196,0.25753545652096865,0.22034946810768835,0.30099692064175926,1049275.5,400279.5,faster,False
expanded-listchain-ilist-32,100.26709908759713,53.59929122377785,0.534022177240904,0.5006884483796665,0.5695751254258354,520.0,336.0,faster,False
expanded-saved-icollection-1,13.297166183341336,11.036605182872787,0.8200997315235699,0.6208310153844082,1.0833279152920399,128.0,64.0,inconclusive,False
expanded-saved-icollection-100000,386624.48263888893,98232.93096164835,0.25418515376233397,0.24596837049161022,0.2626764256885833,1049210.0,400141.5,faster,True
expanded-saved-icollection-32,77.19963264689322,43.74289322361358,0.5666953077923377,0.5351073851788126,0.6001478969806001,424.0,184.0,faster,False
expanded-saved-ilist-1,13.618278299060012,10.06072699971325,0.735187521852477,0.6044921911938462,0.8941400735386187,128.0,64.0,faster,False
expanded-saved-ilist-100000,400491.96180555556,104498.17565104167,0.2602538745296975,0.23589048524530887,0.28713357869132833,1049217.5,400143.0,faster,True
expanded-saved-ilist-32,75.41292926206722,44.48600695254838,0.5894455786374301,0.563794791776351,0.6162633909414358,424.0,184.0,faster,False
expanded-select-icollection-1,13.603591483315713,11.188677014480323,0.81961600936546,0.6993026932444034,0.9606289369364415,120.0,112.0,faster,False
expanded-select-icollection-100000,279891.9498697917,79386.393040261,0.2826904323231213,0.2436843729888371,0.32794011182117944,1049196.5,400149.5,faster,False
expanded-select-icollection-32,64.12155117600778,19.268866294089097,0.3014066395499429,0.26489050739197584,0.34295665503165224,416.0,232.0,faster,False
expanded-select-ilist-1,13.439493587875308,10.37262435150613,0.7715751478952954,0.723139618480881,0.823254864807807,120.0,112.0,faster,False
expanded-select-ilist-100000,274141.20287698414,76766.2888176785,0.2793301751441916,0.2547406126774318,0.30629331509414737,1049186.5,400150.5,faster,False
expanded-select-ilist-32,62.65203801476117,19.255979593241562,0.30626848677642926,0.27383393946491136,0.3425447779614742,416.0,232.0,faster,False
expanded-skip-icollection-1,6.619849654396437,7.366829580279561,1.1055453748565063,0.9043404450689124,1.3515159943703245,80.0,80.0,inconclusive,False
expanded-skip-icollection-100000,23072.52142113639,23128.512993891276,1.0031580035745886,0.860049928444883,1.1700785580615807,200167.5,200169.5,inconclusive,False
expanded-skip-icollection-32,17.121232751192593,16.749491913348013,0.9779090732270082,0.9440823411877897,1.0129478264539267,216.0,216.0,inconclusive,False
expanded-skip-ilist-1,6.829138046154749,6.804270970034815,0.9963660853884531,0.9872577461024993,1.0055584572837994,80.0,80.0,inconclusive,False
expanded-skip-ilist-100000,22198.58974996214,22666.143185600962,1.0208394018429112,0.9701234113138063,1.0742067165905143,200170.5,200167.5,inconclusive,False
expanded-skip-ilist-32,17.45904326002065,16.433525274084722,0.945150654084674,0.7816482098469029,1.1428539689122488,216.0,216.0,inconclusive,False
false-icollection,41464.18044698636,20414.692668775162,0.49233600538321365,0.4823091344899384,0.5025713279368886,80.0,80.0,faster,False
false-ilist,38550.92433927355,20401.83274061109,0.5333318473982204,0.41975299387994136,0.6776434322004038,80.0,80.0,faster,False
front16-icollection,47353.16732540508,21546.996347574255,0.4610359368221412,0.3522857700002532,0.6033571411110834,264.0,168.0,faster,False
front16-ilist,42109.1952594703,21218.016334758202,0.5039969783087127,0.4751216041644206,0.5346272447261928,264.0,168.0,faster,False
half-icollection,289260.8287037037,64543.86323547868,0.22289596709216694,0.20660638542266543,0.24046987727080196,524799.5,200136.5,faster,True
half-ilist,288305.2662037037,63222.99383568743,0.21952166919896648,0.20160702734103886,0.239028192040065,524792.5,200141.0,faster,True
listwhere-icollection,416231.5234375,103414.9452010876,0.24727219759394262,0.17108122528882222,0.3573947965343026,1049321.5,400206.5,faster,False
listwhere-ilist,424882.1223958334,94438.98569488044,0.2239861712205489,0.17360182221376105,0.2889935385370868,1049297.5,400202.5,faster,False
main-addrange-100000,379813.7760416667,363643.4505208334,0.9577925855469047,0.8339217843583601,1.1000631643583567,1049242.5,1049243.0,inconclusive,True
main-addrange-1000000,5705205.256410256,2274086.5384615385,0.4821197452934747,0.15035069259640385,1.5459818959783393,8390094.5,8389164.0,inconclusive,True
main-icollection-100000,357039.453125,94010.02035984848,0.2633243660283732,0.24284527857675023,0.28553045029586666,1049202.0,400177.0,faster,True
main-icollection-1000000,2300477.435897436,919997.1666666666,0.39991368054149085,0.38440995845042203,0.416042686638328,8389479.0,4001004.5,faster,False
main-ilist-100000,365154.140625,94861.17579411875,0.2597605313252913,0.24534329076484993,0.2750249799945408,1049222.5,400191.0,faster,True
main-ilist-1000000,2293892.692307692,906622.0104166667,0.3952632797774947,0.3615026578840612,0.43217679575282153,8389772.5,4000973.0,faster,False
main-list-100000,94718.30446115098,97154.4988774317,1.0243430161924052,0.8877668235343769,1.1819304202479282,400186.0,400182.5,inconclusive,False
main-list-1000000,944127.6567460317,936061.5183531747,0.9927091093955771,0.9006121964704425,1.094223884307903,4001139.5,4001042.5,inconclusive,False
main-tolist-100000,95181.42010487017,95350.34868863288,1.0021701870474466,0.9591014359629856,1.0471729539204597,400187.0,400174.5,inconclusive,False
main-tolist-1000000,922593.6250000001,927310.2986111111,1.0046378293587648,0.8966697023402324,1.125606413983332,4000995.5,4001087.5,inconclusive,False
reference-icollection,731675.3385416666,474169.07068305335,0.6763774441533169,0.4116875619310219,1.1112467056656548,2098014.0,800359.0,inconclusive,True
reference-ilist,649805.7773042929,461367.20221920294,0.7118485060335425,0.6333767578517979,0.8000424538166498,2098034.0,800340.0,faster,False
small-icollection-0,3.055411794317584,3.29503421193073,1.0738656954491823,0.8981664110394885,1.2839352682181913,32.0,32.0,inconclusive,False
small-icollection-1,13.963266575978082,12.891601177872484,0.9204021301090335,0.8263180074275646,1.0251986202582024,120.0,112.0,inconclusive,False
small-icollection-17,52.127068074290314,28.596801800200872,0.548351253239639,0.4838843180850663,0.6214069885947862,416.0,176.0,faster,False
small-icollection-8,26.87315716107248,16.45423868554357,0.6019041892502629,0.42729889604512106,0.8478576855456235,176.0,136.0,faster,False
small-icollection-9,35.32241635067704,22.949414940583914,0.6487743805495114,0.5646206569298066,0.7454707717321957,264.0,144.0,faster,False
small-ilist-0,3.0537632659059124,3.1176223713116595,1.0186175579454488,0.8229921472390942,1.260743170922764,32.0,32.0,inconclusive,False
small-ilist-1,16.61043139048821,13.235989181778333,0.8091809354655197,0.5140494745777098,1.273756357515487,120.0,112.0,inconclusive,True
small-ilist-17,52.192046747390606,29.28546847699963,0.5610462314123766,0.538074738462338,0.5849984236047949,416.0,176.0,faster,False
small-ilist-8,27.216859862064886,36.412504303910396,0.8736278187106145,0.18193386667180433,4.195071426706224,176.0,136.0,inconclusive,True
small-ilist-9,36.04935703971606,22.849293535133363,0.63510942576149,0.5591704519217668,0.7213614047466226,264.0,144.0,faster,False
yield-icollection,287169.3658854167,291430.37847222225,1.0149146752390628,0.9413596095645363,1.094217116976268,1049212.5,1049172.0,inconclusive,False
yield-ilist,300324.37456597225,291901.5173611111,0.9745973886358719,0.8114693296104026,1.1705187556403291,1049178.5,1049175.5,inconclusive,False
