case,baselineNs,candidateNs,ratio,pairedRatios,lower95,upper95,launchMeansNs,firstToLastMedianRatios,baselineBytes,candidateBytes
enumerable-chain-100000,359307.24948152335,156521.25888688455,0.4357182090203199,"[0.5018621043882436, 0.37829187741381193]",0.07232950013991833,2.624798419795764,"[333385.2403846153, 167313.4183114035, 145729.09946236562, 385229.2585784314]","[1.016992641540183, 0.972885721218851, 0.9676223599027242, 1.0864806431997838]",1049200,400267.5
enumerable-where-1,24.803954115636138,25.10318856954723,0.9796108224270424,"[0.8237917151059901, 1.1649029066682448]",0.10841455508496978,8.851554688981304,"[22.227413057077637, 18.310758724659266, 31.895618414435187, 27.380495174194643]","[0.9015482787810509, 1.0393738909319012, 1.1645597667042198, 1.1218040278271724]",144,136
enumerable-where-100000,369781.86259920633,170294.86916692462,0.45875568660158916,"[0.3922361113920237, 0.5365563594907065]",0.06267999833415215,3.3576385702394775,"[389604.9404761905, 152817.1268315018, 187772.6115023474, 349958.7847222222]","[0.9915960520288286, 1.0362372357337193, 1.1160453906240275, 0.9674294441570155]",1049143.5,400211.5
enumerable-where-8,51.24147987102138,25.46357939846044,0.4910337810405494,"[0.41306756204734707, 0.5837160703878774]",0.054575648851902685,4.4179808979874755,"[52.1176061362092, 21.52809250642779, 29.39906629049309, 50.365353605833576]","[1.1320727164465523, 0.7296330911393168, 1.2673799365543272, 0.8669766854468558]",200,160
enumerable-yield-1,19.910037989277324,18.54882299441949,0.903325138444858,"[0.7389042442516935, 1.1043329526044356]",0.07033189513647255,11.60208045244702,"[18.818926735370262, 13.905384837026753, 23.19226115181222, 21.001149243184386]","[0.7994461601545617, 1.0478154759716145, 1.062626089464058, 1.0878425873490998]",96,96
enumerable-yield-100000,382091.8217915215,351225.4479557781,0.8983636439277405,"[0.7166818493988284, 1.1261025201183885]",0.05089160432615303,15.858357138023731,"[386151.0721544716, 276747.4645390071, 425703.43137254904, 378032.5714285715]","[1.0621321847834695, 0.9524449484462163, 1.009529708280198, 1.0279014475636892]",1049095.5,1049092.5
known-control-100000,104037.53889296313,79093.37497795415,0.7615298431543814,"[0.7836699004230682, 0.7400152815639084]",0.5291057293002582,1.0960525843893063,"[96393.29793028322, 75540.5261904762, 82646.2237654321, 111681.77985564304]","[1.0600943058326786, 0.9451979626019359, 1.0761114160628082, 1.052302428728572]",400089.5,400088
list-control-1,22.494614948183052,15.209627850534329,0.7115787517454379,"[0.9271215972436251, 0.5461466127431185]",0.024666392142444177,20.52770089000224,"[15.351507109882421, 14.232713791811056, 16.186541909257603, 29.637722786483682]","[1.021438142886347, 1.0365910312556823, 1.4275612562557205, 0.7095490330377662]",112,112
list-control-100000,162101.1004626233,129319.2102788085,0.8057324226713702,"[0.8969703269364756, 0.7237750429952104]",0.20617873886800991,3.14874724963508,"[138508.15159574468, 124237.70202020204, 134400.71853741497, 185694.0493295019]","[0.9036719495525527, 0.9983141304470399, 0.9845423009490287, 0.9053748684023768]",400187,400186
mutable-control-1,19.09066880250994,17.22081450696394,0.900669260058076,"[0.8934550710366248, 0.9079416999361449]",0.8131812678388727,0.99756985077809,"[15.517727317303308, 13.8643921626082, 20.577236851319682, 22.663610287716565]","[1.0944996925461392, 0.9599204276687401, 0.9769028742263535, 1.19756198300915]",112,112
mutable-control-100000,180197.29954287127,135337.08958310608,0.7520917376136816,"[0.7644280748209599, 0.7399544841668046]",0.6116333722281293,0.9248056228949384,"[163383.44298245615, 124894.89077669903, 145779.28838951312, 197011.1561032864]","[0.8650894771147022, 1.0227407645550313, 0.9742340952757448, 0.9394470738983414]",400187.5,400184
rocollection-chain-100000,513137.3683504934,165251.96944444446,0.3257185737561955,"[0.34225135996382877, 0.3099844199332989]",0.173630233288655,0.6110260136170781,"[383512.03828828834, 131257.51666666666, 199246.42222222223, 642762.6984126983]","[1.0251885752030243, 0.936762340569731, 1.1740417872460602, 1.0976827836847964]",1049199,400263.5
rocollection-where-1,23.804612250671717,21.742531831336166,0.911033243443974,"[0.8502284492117917, 0.9761865430749646]",0.3787616272211607,2.191303212918707,"[23.74139310985837, 20.1856078459224, 23.299455816749926, 23.867831391485065]","[1.0358545439602365, 0.681762652705061, 1.2661200059579574, 0.9933625568307309]",144,136
rocollection-where-100000,331470.8365729665,162533.53009259258,0.4915142202916814,"[0.5145246044148831, 0.46953289828320477]",0.27482930119123616,0.8790410181949088,"[306592.8409090909, 157749.5601851852, 167317.49999999997, 356348.8322368421]","[0.9783123184902405, 0.9899118421841728, 1.100856838710622, 0.8718500090132542]",1049142.5,400211.5
rocollection-where-8,43.47587550383762,21.45941656495247,0.49469563076068795,"[0.5102611169412313, 0.4796049688455895]",0.3337211289482849,0.7333181685707367,"[39.67691221364871, 20.245585542915578, 22.67324758698936, 47.27483879402653]","[1.2994666341957517, 1.0362389242689556, 0.9299521369868143, 1.0707852092613932]",200,160
rocollection-yield-1,19.817689506250737,15.69082940632569,0.7982057075645608,"[0.8590302168586812, 0.7416879395913677]",0.3139554800352898,2.0293716533217547,"[16.912712657052246, 14.528531221456154, 16.85312759119523, 22.722666355449224]","[1.0208015376107333, 1.166306168698807, 1.2177773711623159, 0.8143093178909759]",96,96
rocollection-yield-100000,341836.6918626353,293751.2368498817,0.8602942563838515,"[0.8998082433186178, 0.8225154782283717]",0.4862264978184064,1.5221428920220128,"[325651.8705673759, 293024.2375886524, 294478.23611111107, 358021.5131578948]","[0.8747263561478129, 1.0180784395063411, 1.0358896221492373, 0.8985501971596932]",1049096,1049096
rolist-chain-100000,368438.6202316948,132435.5593586467,0.36315742593691547,"[0.41011231621881916, 0.3215785305573674]",0.07746529141770868,1.7024826680375402,"[315215.46626984124, 129273.74497991966, 135597.37373737374, 421661.77419354836]","[0.9778389977821733, 0.9898288861045733, 1.0222789232465932, 1.012866008734531]",1049200,400267.5
rolist-half-100000,233630.32144360268,87566.78237292345,0.37755562997160697,"[0.3983158490838323, 0.35787743332617256]",0.19125131274293203,0.7453452302043091,"[195643.79629629632, 77928.0248397436, 97205.5399061033, 271616.84659090906]","[1.0248328223494878, 0.9252287686727838, 0.8229157699015297, 1.036674794827102]",524777.5,200169
rolist-none-100000,47801.790943273045,26137.944283968034,0.5585479045706317,"[0.6429843218175211, 0.48519964035574464]",0.09336919639446813,3.3413135567987746,"[37323.4268707483, 23998.378314393936, 28277.510253542136, 58280.15501579779]","[0.9150051078773419, 1.0100492802214422, 1.0217978072168155, 1.0121508102126702]",104,104
rolist-where-1,23.388026765006842,20.3399517910033,0.8781605842264628,"[0.9333149811957562, 0.8262655451013444]",0.4049862028780046,1.9041784786956397,"[18.96751901195843, 17.70266964997613, 22.977233932030476, 27.808534518055254]","[1.05690640611471, 0.8963863656091005, 1.0418518527401943, 1.0849338492793212]",144,136
rolist-where-100000,365405.90419279004,143286.9632227891,0.39771244420953306,"[0.4466555121483988, 0.35413239952710607]",0.09101893759159034,1.737827230953479,"[300138.92045454547, 134058.70323129254, 152515.2232142857, 430672.88793103455]","[0.9357219454312289, 1.1015322211790761, 1.0161529036006118, 1.0179608461770622]",1049144,400210
rolist-where-8,54.42809217908045,25.79911817105445,0.4735480184035627,"[0.4654147513951745, 0.4818234167733472]",0.37998291615617125,0.5901521257912979,"[51.87639107942935, 24.144037657511458, 27.45419868459744, 56.97979327873155]","[0.8944699623619964, 0.980351424889455, 1.0211658003516557, 1.0547812043532825]",200,160
rolist-yield-1,23.460961667315793,21.433607320011532,0.9167880181735182,"[0.9339979955329647, 0.8998951542577077]",0.72383689585442,1.16117356697381,"[18.837234046024495, 17.593938840372196, 25.27327579965087, 28.084689288607095]","[1.0286702962302576, 0.8562934954908723, 0.6665768836383068, 1.4627603876071222]",96,96
rolist-yield-100000,343878.18312700174,325318.8027510684,0.9518693894089799,"[1.0044624467263987, 0.9020300733459087]",0.480625572229716,1.885158399480195,"[295421.0569105691, 296739.35763888893, 353898.2478632479, 392335.30934343435]","[1.046356741714359, 0.9236567645213943, 1.0110758955219075, 1.005414022993498]",1049095.5,1049094
